Id,Ten,Loai,ThuongHieu,Gia,SoLuong,Hinh,MoTa,NoiBat,NgayTao
1,Giày tập gym Yonex Prime Edge Đen,Giay,Yonex,"1,250,000",133,https://images.unsplash.com/photo-1542291026-7eec264c27ff?q=80&w=1200&auto=format&fit=crop,"Giày tập gym Yonex Prime Edge Đen thiết kế hiện đại, chất liệu bền nhẹ, phù hợp tập luyện và thi đấu hằng ngày.",TRUE,2026-05-31
2,Vợt tennis Mizuno Energy Wave Xanh royal,Vot,Mizuno,"750,000",134,https://images.unsplash.com/photo-1515886657613-9f3515b0c78f?q=80&w=1200&auto=format&fit=crop,"Vợt tennis Mizuno Energy Wave Xanh royal thiết kế hiện đại, chất liệu bền nhẹ, phù hợp tập luyện và thi đấu hằng ngày.",TRUE,2026-05-31
3,Giày cầu lông Asics Velocity X Bạc,Giay,Asics,"2,200,000",58,https://images.unsplash.com/photo-1556906781-9a412961c28c?q=80&w=1200&auto=format&fit=crop,"Giày cầu lông Asics Velocity X Bạc thiết kế hiện đại, chất liệu bền nhẹ, phù hợp tập luyện và thi đấu hằng ngày.",TRUE,2026-05-31
4,Quần short thể thao Puma Elite Move Xám,Quan,Puma,"320,000",126,https://images.unsplash.com/photo-1523398002811-999ca8dec234?q=80&w=1200&auto=format&fit=crop,"Quần short thể thao Puma Elite Move Xám thiết kế hiện đại, chất liệu bền nhẹ, phù hợp tập luyện và thi đấu hằng ngày.",TRUE,2026-05-31
5,Balo thể thao Mizuno Carbon Speed Đỏ,Phu kien,Mizuno,"720,000",100,https://images.unsplash.com/photo-1546519638-68e109498ffc?q=80&w=1200&auto=format&fit=crop,"Balo thể thao Mizuno Carbon Speed Đỏ thiết kế hiện đại, chất liệu bền nhẹ, phù hợp tập luyện và thi đấu hằng ngày.",TRUE,2026-05-31
6,Băng cổ tay Lining Prime Edge Xanh navy,Phu kien,Lining,"350,000",15,https://images.unsplash.com/photo-1579952363873-27f3bade9f55?q=80&w=1200&auto=format&fit=crop,"Băng cổ tay Lining Prime Edge Xanh navy thiết kế hiện đại, chất liệu bền nhẹ, phù hợp tập luyện và thi đấu hằng ngày.",TRUE,2026-05-31
7,Tất thể thao Yonex Aero Boost Cam,Phu kien,Yonex,"550,000",177,https://images.unsplash.com/photo-1599058917212-d750089bc07e?q=80&w=1200&auto=format&fit=crop,"Tất thể thao Yonex Aero Boost Cam thiết kế hiện đại, chất liệu bền nhẹ, phù hợp tập luyện và thi đấu hằng ngày.",TRUE,2026-05-31
8,Găng tay tập gym Lining Elite Move Bạc,Phu kien,Lining,"410,000",47,https://images.unsplash.com/photo-1560769629-975ec94e6a86?q=80&w=1200&auto=format&fit=crop,"Găng tay tập gym Lining Elite Move Bạc thiết kế hiện đại, chất liệu bền nhẹ, phù hợp tập luyện và thi đấu hằng ngày.",TRUE,2026-05-31
9,Bóng pickleball Sao Vang Aero Boost Đỏ hồng,Bong,Sao Vang,"1,240,000",19,https://images.unsplash.com/photo-1542291026-7eec264c27ff?q=80&w=1200&auto=format&fit=crop,"Bóng pickleball Sao Vang Aero Boost Đỏ hồng thiết kế hiện đại, chất liệu bền nhẹ, phù hợp tập luyện và thi đấu hằng ngày.",TRUE,2026-05-31
10,Giày pickleball Nike Rapid Force Đỏ,Giay,Nike,"1,450,000",102,https://images.unsplash.com/photo-1515886657613-9f3515b0c78f?q=80&w=1200&auto=format&fit=crop,"Giày pickleball Nike Rapid Force Đỏ thiết kế hiện đại, chất liệu bền nhẹ, phù hợp tập luyện và thi đấu hằng ngày.",TRUE,2026-05-31
11,Bình nước New Balance Prime Edge Đen,Phu kien,New Balance,"780,000",18,https://images.unsplash.com/photo-1556906781-9a412961c28c?q=80&w=1200&auto=format&fit=crop,"Bình nước New Balance Prime Edge Đen thiết kế hiện đại, chất liệu bền nhẹ, phù hợp tập luyện và thi đấu hằng ngày.",TRUE,2026-05-31
12,Giày bóng rổ Asics Flex Run Đỏ hồng,Giay,Asics,"1,150,000",136,https://images.unsplash.com/photo-1523398002811-999ca8dec234?q=80&w=1200&auto=format&fit=crop,"Giày bóng rổ Asics Flex Run Đỏ hồng thiết kế hiện đại, chất liệu bền nhẹ, phù hợp tập luyện và thi đấu hằng ngày.",TRUE,2026-05-31
13,Quần jogger Yonex Prime Edge Xanh royal,Quan,Yonex,"820,000",177,https://images.unsplash.com/photo-1546519638-68e109498ffc?q=80&w=1200&auto=format&fit=crop,"Quần jogger Yonex Prime Edge Xanh royal thiết kế hiện đại, chất liệu bền nhẹ, phù hợp tập luyện và thi đấu hằng ngày.",TRUE,2026-05-31
14,Áo khoác thể thao STRIDEX Aero Boost Xanh royal,Ao,STRIDEX,"1,080,000",139,https://images.unsplash.com/photo-1579952363873-27f3bade9f55?q=80&w=1200&auto=format&fit=crop,"Áo khoác thể thao STRIDEX Aero Boost Xanh royal thiết kế hiện đại, chất liệu bền nhẹ, phù hợp tập luyện và thi đấu hằng ngày.",TRUE,2026-05-31
15,Vợt cầu lông Yonex Velocity X Xám,Vot,Yonex,"2,300,000",28,https://images.unsplash.com/photo-1599058917212-d750089bc07e?q=80&w=1200&auto=format&fit=crop,"Vợt cầu lông Yonex Velocity X Xám thiết kế hiện đại, chất liệu bền nhẹ, phù hợp tập luyện và thi đấu hằng ngày.",TRUE,2026-05-31
16,Quần legging Nike Power Max Xám,Quan,Nike,"680,000",61,https://images.unsplash.com/photo-1560769629-975ec94e6a86?q=80&w=1200&auto=format&fit=crop,"Quần legging Nike Power Max Xám thiết kế hiện đại, chất liệu bền nhẹ, phù hợp tập luyện và thi đấu hằng ngày.",TRUE,2026-05-31
17,Tất thể thao STRIDEX Power Max Vàng,Phu kien,STRIDEX,"640,000",122,https://images.unsplash.com/photo-1542291026-7eec264c27ff?q=80&w=1200&auto=format&fit=crop,"Tất thể thao STRIDEX Power Max Vàng thiết kế hiện đại, chất liệu bền nhẹ, phù hợp tập luyện và thi đấu hằng ngày.",TRUE,2026-05-31
18,Quần bóng đá Nike Rapid Force Trắng,Quan,Nike,"460,000",51,https://images.unsplash.com/photo-1515886657613-9f3515b0c78f?q=80&w=1200&auto=format&fit=crop,"Quần bóng đá Nike Rapid Force Trắng thiết kế hiện đại, chất liệu bền nhẹ, phù hợp tập luyện và thi đấu hằng ngày.",TRUE,2026-05-31
19,Giày cầu lông Nike Energy Wave Xám,Giay,Nike,"1,150,000",110,https://images.unsplash.com/photo-1556906781-9a412961c28c?q=80&w=1200&auto=format&fit=crop,"Giày cầu lông Nike Energy Wave Xám thiết kế hiện đại, chất liệu bền nhẹ, phù hợp tập luyện và thi đấu hằng ngày.",TRUE,2026-05-31
20,Vợt pickleball Lining Energy Wave Xám,Vot,Lining,"2,250,000",173,https://images.unsplash.com/photo-1523398002811-999ca8dec234?q=80&w=1200&auto=format&fit=crop,"Vợt pickleball Lining Energy Wave Xám thiết kế hiện đại, chất liệu bền nhẹ, phù hợp tập luyện và thi đấu hằng ngày.",TRUE,2026-05-31
21,Áo khoác thể thao Mizuno Dynamic Core Đỏ,Ao,Mizuno,"800,000",18,https://images.unsplash.com/photo-1546519638-68e109498ffc?q=80&w=1200&auto=format&fit=crop,"Áo khoác thể thao Mizuno Dynamic Core Đỏ thiết kế hiện đại, chất liệu bền nhẹ, phù hợp tập luyện và thi đấu hằng ngày.",TRUE,2026-05-31
22,Bóng futsal Mizuno Elite Move Đỏ,Bong,Mizuno,"720,000",56,https://images.unsplash.com/photo-1579952363873-27f3bade9f55?q=80&w=1200&auto=format&fit=crop,"Bóng futsal Mizuno Elite Move Đỏ thiết kế hiện đại, chất liệu bền nhẹ, phù hợp tập luyện và thi đấu hằng ngày.",TRUE,2026-05-31
23,Bóng đá Puma Active Plus Cam,Bong,Puma,"280,000",106,https://images.unsplash.com/photo-1599058917212-d750089bc07e?q=80&w=1200&auto=format&fit=crop,"Bóng đá Puma Active Plus Cam thiết kế hiện đại, chất liệu bền nhẹ, phù hợp tập luyện và thi đấu hằng ngày.",TRUE,2026-05-31
24,Bóng rổ Nike Air Pro Trắng,Bong,Nike,"1,300,000",71,https://images.unsplash.com/photo-1560769629-975ec94e6a86?q=80&w=1200&auto=format&fit=crop,"Bóng rổ Nike Air Pro Trắng thiết kế hiện đại, chất liệu bền nhẹ, phù hợp tập luyện và thi đấu hằng ngày.",TRUE,2026-05-31
25,Bóng đá Puma Power Max Đỏ,Bong,Puma,"600,000",90,https://images.unsplash.com/photo-1542291026-7eec264c27ff?q=80&w=1200&auto=format&fit=crop,"Bóng đá Puma Power Max Đỏ thiết kế hiện đại, chất liệu bền nhẹ, phù hợp tập luyện và thi đấu hằng ngày.",TRUE,2026-05-31
26,Áo thun thể thao Yonex Dynamic Core Trắng,Ao,Yonex,"220,000",75,https://images.unsplash.com/photo-1515886657613-9f3515b0c78f?q=80&w=1200&auto=format&fit=crop,"Áo thun thể thao Yonex Dynamic Core Trắng thiết kế hiện đại, chất liệu bền nhẹ, phù hợp tập luyện và thi đấu hằng ngày.",TRUE,2026-05-31
27,Bóng futsal Puma Flex Run Xám,Bong,Puma,"1,500,000",157,https://images.unsplash.com/photo-1556906781-9a412961c28c?q=80&w=1200&auto=format&fit=crop,"Bóng futsal Puma Flex Run Xám thiết kế hiện đại, chất liệu bền nhẹ, phù hợp tập luyện và thi đấu hằng ngày.",TRUE,2026-05-31
28,Quần tập gym Joma Ultra Light Vàng,Quan,Joma,"540,000",66,https://images.unsplash.com/photo-1523398002811-999ca8dec234?q=80&w=1200&auto=format&fit=crop,"Quần tập gym Joma Ultra Light Vàng thiết kế hiện đại, chất liệu bền nhẹ, phù hợp tập luyện và thi đấu hằng ngày.",TRUE,2026-05-31
29,Bình nước New Balance Prime Edge Trắng,Phu kien,New Balance,"400,000",180,https://images.unsplash.com/photo-1546519638-68e109498ffc?q=80&w=1200&auto=format&fit=crop,"Bình nước New Balance Prime Edge Trắng thiết kế hiện đại, chất liệu bền nhẹ, phù hợp tập luyện và thi đấu hằng ngày.",TRUE,2026-05-31
30,Bóng futsal Joma Ultra Light Xanh royal,Bong,Joma,"1,320,000",43,https://images.unsplash.com/photo-1579952363873-27f3bade9f55?q=80&w=1200&auto=format&fit=crop,"Bóng futsal Joma Ultra Light Xanh royal thiết kế hiện đại, chất liệu bền nhẹ, phù hợp tập luyện và thi đấu hằng ngày.",TRUE,2026-05-31
31,Vợt pickleball Lining Elite Move Xanh navy,Vot,Lining,"1,500,000",67,https://images.unsplash.com/photo-1599058917212-d750089bc07e?q=80&w=1200&auto=format&fit=crop,"Vợt pickleball Lining Elite Move Xanh navy thiết kế hiện đại, chất liệu bền nhẹ, phù hợp tập luyện và thi đấu hằng ngày.",FALSE,2026-05-31
32,Áo chạy bộ Puma Aero Boost Cam,Ao,Puma,"820,000",111,https://images.unsplash.com/photo-1560769629-975ec94e6a86?q=80&w=1200&auto=format&fit=crop,"Áo chạy bộ Puma Aero Boost Cam thiết kế hiện đại, chất liệu bền nhẹ, phù hợp tập luyện và thi đấu hằng ngày.",FALSE,2026-05-31
33,Giày cầu lông Adidas Storm Fit Xanh royal,Giay,Adidas,"3,900,000",72,https://images.unsplash.com/photo-1542291026-7eec264c27ff?q=80&w=1200&auto=format&fit=crop,"Giày cầu lông Adidas Storm Fit Xanh royal thiết kế hiện đại, chất liệu bền nhẹ, phù hợp tập luyện và thi đấu hằng ngày.",FALSE,2026-05-31
34,Giày bóng đá Mizuno Aero Boost Xám,Giay,Mizuno,"1,900,000",177,https://images.unsplash.com/photo-1515886657613-9f3515b0c78f?q=80&w=1200&auto=format&fit=crop,"Giày bóng đá Mizuno Aero Boost Xám thiết kế hiện đại, chất liệu bền nhẹ, phù hợp tập luyện và thi đấu hằng ngày.",FALSE,2026-05-31
35,Bóng pickleball Lining Street Pro Xám,Bong,Lining,"1,140,000",77,https://images.unsplash.com/photo-1556906781-9a412961c28c?q=80&w=1200&auto=format&fit=crop,"Bóng pickleball Lining Street Pro Xám thiết kế hiện đại, chất liệu bền nhẹ, phù hợp tập luyện và thi đấu hằng ngày.",FALSE,2026-05-31
36,Giày bóng đá Asics Prime Edge Đen,Giay,Asics,"1,800,000",161,https://images.unsplash.com/photo-1523398002811-999ca8dec234?q=80&w=1200&auto=format&fit=crop,"Giày bóng đá Asics Prime Edge Đen thiết kế hiện đại, chất liệu bền nhẹ, phù hợp tập luyện và thi đấu hằng ngày.",FALSE,2026-05-31
37,Vợt tennis Yonex Street Pro Vàng,Vot,Yonex,"2,150,000",40,https://images.unsplash.com/photo-1546519638-68e109498ffc?q=80&w=1200&auto=format&fit=crop,"Vợt tennis Yonex Street Pro Vàng thiết kế hiện đại, chất liệu bền nhẹ, phù hợp tập luyện và thi đấu hằng ngày.",FALSE,2026-05-31
38,Quần jogger Puma Ultra Light Đen,Quan,Puma,"700,000",135,https://images.unsplash.com/photo-1579952363873-27f3bade9f55?q=80&w=1200&auto=format&fit=crop,"Quần jogger Puma Ultra Light Đen thiết kế hiện đại, chất liệu bền nhẹ, phù hợp tập luyện và thi đấu hằng ngày.",FALSE,2026-05-31
39,Áo bóng đá Lining Flex Run Cam,Ao,Lining,"1,160,000",150,https://images.unsplash.com/photo-1599058917212-d750089bc07e?q=80&w=1200&auto=format&fit=crop,"Áo bóng đá Lining Flex Run Cam thiết kế hiện đại, chất liệu bền nhẹ, phù hợp tập luyện và thi đấu hằng ngày.",FALSE,2026-05-31
40,Vợt pickleball Puma Air Pro Đỏ hồng,Vot,Puma,"1,400,000",30,https://images.unsplash.com/photo-1560769629-975ec94e6a86?q=80&w=1200&auto=format&fit=crop,"Vợt pickleball Puma Air Pro Đỏ hồng thiết kế hiện đại, chất liệu bền nhẹ, phù hợp tập luyện và thi đấu hằng ngày.",FALSE,2026-05-31
41,Giày bóng rổ Asics Carbon Speed Cam,Giay,Asics,"1,800,000",158,https://images.unsplash.com/photo-1542291026-7eec264c27ff?q=80&w=1200&auto=format&fit=crop,"Giày bóng rổ Asics Carbon Speed Cam thiết kế hiện đại, chất liệu bền nhẹ, phù hợp tập luyện và thi đấu hằng ngày.",FALSE,2026-05-31
42,Bóng pickleball Nike Flex Run Trắng,Bong,Nike,"1,100,000",79,https://images.unsplash.com/photo-1515886657613-9f3515b0c78f?q=80&w=1200&auto=format&fit=crop,"Bóng pickleball Nike Flex Run Trắng thiết kế hiện đại, chất liệu bền nhẹ, phù hợp tập luyện và thi đấu hằng ngày.",FALSE,2026-05-31
43,Giày chạy bộ Adidas Power Max Bạc,Giay,Adidas,"2,800,000",104,https://images.unsplash.com/photo-1556906781-9a412961c28c?q=80&w=1200&auto=format&fit=crop,"Giày chạy bộ Adidas Power Max Bạc thiết kế hiện đại, chất liệu bền nhẹ, phù hợp tập luyện và thi đấu hằng ngày.",FALSE,2026-05-31
44,Bóng chuyền Lining Dynamic Core Cam,Bong,Lining,"800,000",23,https://images.unsplash.com/photo-1523398002811-999ca8dec234?q=80&w=1200&auto=format&fit=crop,"Bóng chuyền Lining Dynamic Core Cam thiết kế hiện đại, chất liệu bền nhẹ, phù hợp tập luyện và thi đấu hằng ngày.",FALSE,2026-05-31
45,Băng cổ tay Nike Aero Boost Bạc,Phu kien,Nike,"140,000",132,https://images.unsplash.com/photo-1546519638-68e109498ffc?q=80&w=1200&auto=format&fit=crop,"Băng cổ tay Nike Aero Boost Bạc thiết kế hiện đại, chất liệu bền nhẹ, phù hợp tập luyện và thi đấu hằng ngày.",FALSE,2026-05-31
46,Balo thể thao Asics Power Max Đỏ hồng,Phu kien,Asics,"350,000",85,https://images.unsplash.com/photo-1579952363873-27f3bade9f55?q=80&w=1200&auto=format&fit=crop,"Balo thể thao Asics Power Max Đỏ hồng thiết kế hiện đại, chất liệu bền nhẹ, phù hợp tập luyện và thi đấu hằng ngày.",FALSE,2026-05-31
47,Vợt tennis Yonex Energy Wave Xanh royal,Vot,Yonex,"1,700,000",67,https://images.unsplash.com/photo-1599058917212-d750089bc07e?q=80&w=1200&auto=format&fit=crop,"Vợt tennis Yonex Energy Wave Xanh royal thiết kế hiện đại, chất liệu bền nhẹ, phù hợp tập luyện và thi đấu hằng ngày.",FALSE,2026-05-31
48,Quần bóng đá New Balance Velocity X Xám,Quan,New Balance,"520,000",50,https://images.unsplash.com/photo-1560769629-975ec94e6a86?q=80&w=1200&auto=format&fit=crop,"Quần bóng đá New Balance Velocity X Xám thiết kế hiện đại, chất liệu bền nhẹ, phù hợp tập luyện và thi đấu hằng ngày.",FALSE,2026-05-31
49,Vợt pickleball Asics Elite Move Đỏ hồng,Vot,Asics,"650,000",143,https://images.unsplash.com/photo-1542291026-7eec264c27ff?q=80&w=1200&auto=format&fit=crop,"Vợt pickleball Asics Elite Move Đỏ hồng thiết kế hiện đại, chất liệu bền nhẹ, phù hợp tập luyện và thi đấu hằng ngày.",FALSE,2026-05-31
50,Quần legging Mizuno Dynamic Core Đen,Quan,Mizuno,"740,000",17,https://images.unsplash.com/photo-1515886657613-9f3515b0c78f?q=80&w=1200&auto=format&fit=crop,"Quần legging Mizuno Dynamic Core Đen thiết kế hiện đại, chất liệu bền nhẹ, phù hợp tập luyện và thi đấu hằng ngày.",FALSE,2026-05-31
51,Bóng đá Nike Aero Boost Xám,Bong,Nike,"1,120,000",156,https://images.unsplash.com/photo-1556906781-9a412961c28c?q=80&w=1200&auto=format&fit=crop,"Bóng đá Nike Aero Boost Xám thiết kế hiện đại, chất liệu bền nhẹ, phù hợp tập luyện và thi đấu hằng ngày.",FALSE,2026-05-31
52,Giày bóng rổ STRIDEX Velocity X Xám,Giay,STRIDEX,"3,800,000",66,https://images.unsplash.com/photo-1523398002811-999ca8dec234?q=80&w=1200&auto=format&fit=crop,"Giày bóng rổ STRIDEX Velocity X Xám thiết kế hiện đại, chất liệu bền nhẹ, phù hợp tập luyện và thi đấu hằng ngày.",FALSE,2026-05-31
53,Bình nước Under Armour Velocity X Bạc,Phu kien,Under Armour,"740,000",159,https://images.unsplash.com/photo-1546519638-68e109498ffc?q=80&w=1200&auto=format&fit=crop,"Bình nước Under Armour Velocity X Bạc thiết kế hiện đại, chất liệu bền nhẹ, phù hợp tập luyện và thi đấu hằng ngày.",TRUE,2026-05-31
54,Bóng chuyền Sao Vang Street Pro Bạc,Bong,Sao Vang,"520,000",80,https://images.unsplash.com/photo-1579952363873-27f3bade9f55?q=80&w=1200&auto=format&fit=crop,"Bóng chuyền Sao Vang Street Pro Bạc thiết kế hiện đại, chất liệu bền nhẹ, phù hợp tập luyện và thi đấu hằng ngày.",FALSE,2026-05-31
55,Bóng pickleball Adidas Rapid Force Trắng,Bong,Adidas,"1,160,000",159,https://images.unsplash.com/photo-1599058917212-d750089bc07e?q=80&w=1200&auto=format&fit=crop,"Bóng pickleball Adidas Rapid Force Trắng thiết kế hiện đại, chất liệu bền nhẹ, phù hợp tập luyện và thi đấu hằng ngày.",FALSE,2026-05-31
56,Bóng chuyền Puma Dynamic Core Xanh royal,Bong,Puma,"600,000",5,https://images.unsplash.com/photo-1560769629-975ec94e6a86?q=80&w=1200&auto=format&fit=crop,"Bóng chuyền Puma Dynamic Core Xanh royal thiết kế hiện đại, chất liệu bền nhẹ, phù hợp tập luyện và thi đấu hằng ngày.",FALSE,2026-05-31
57,Giày cầu lông Nike Prime Edge Đỏ,Giay,Nike,"3,400,000",157,https://images.unsplash.com/photo-1542291026-7eec264c27ff?q=80&w=1200&auto=format&fit=crop,"Giày cầu lông Nike Prime Edge Đỏ thiết kế hiện đại, chất liệu bền nhẹ, phù hợp tập luyện và thi đấu hằng ngày.",FALSE,2026-05-31
58,Áo khoác thể thao Nike Air Pro Đỏ,Ao,Nike,"880,000",99,https://images.unsplash.com/photo-1515886657613-9f3515b0c78f?q=80&w=1200&auto=format&fit=crop,"Áo khoác thể thao Nike Air Pro Đỏ thiết kế hiện đại, chất liệu bền nhẹ, phù hợp tập luyện và thi đấu hằng ngày.",FALSE,2026-05-31
59,Vợt pickleball Puma Street Pro Bạc,Vot,Puma,"3,050,000",5,https://images.unsplash.com/photo-1556906781-9a412961c28c?q=80&w=1200&auto=format&fit=crop,"Vợt pickleball Puma Street Pro Bạc thiết kế hiện đại, chất liệu bền nhẹ, phù hợp tập luyện và thi đấu hằng ngày.",FALSE,2026-05-31
60,Bình nước Asics Ultra Light Cam,Phu kien,Asics,"290,000",150,https://images.unsplash.com/photo-1523398002811-999ca8dec234?q=80&w=1200&auto=format&fit=crop,"Bình nước Asics Ultra Light Cam thiết kế hiện đại, chất liệu bền nhẹ, phù hợp tập luyện và thi đấu hằng ngày.",FALSE,2026-05-31
61,Quần bóng đá Yonex Carbon Speed Cam,Quan,Yonex,"780,000",92,https://images.unsplash.com/photo-1546519638-68e109498ffc?q=80&w=1200&auto=format&fit=crop,"Quần bóng đá Yonex Carbon Speed Cam thiết kế hiện đại, chất liệu bền nhẹ, phù hợp tập luyện và thi đấu hằng ngày.",FALSE,2026-05-31
62,Túi đựng giày Lining Active Plus Vàng,Phu kien,Lining,"760,000",105,https://images.unsplash.com/photo-1579952363873-27f3bade9f55?q=80&w=1200&auto=format&fit=crop,"Túi đựng giày Lining Active Plus Vàng thiết kế hiện đại, chất liệu bền nhẹ, phù hợp tập luyện và thi đấu hằng ngày.",FALSE,2026-05-31
63,Vợt cầu lông Puma Aero Boost Cam,Vot,Puma,"950,000",88,https://images.unsplash.com/photo-1599058917212-d750089bc07e?q=80&w=1200&auto=format&fit=crop,"Vợt cầu lông Puma Aero Boost Cam thiết kế hiện đại, chất liệu bền nhẹ, phù hợp tập luyện và thi đấu hằng ngày.",FALSE,2026-05-31
64,Áo chạy bộ Under Armour Elite Move Xanh navy,Ao,Under Armour,"1,100,000",125,https://images.unsplash.com/photo-1560769629-975ec94e6a86?q=80&w=1200&auto=format&fit=crop,"Áo chạy bộ Under Armour Elite Move Xanh navy thiết kế hiện đại, chất liệu bền nhẹ, phù hợp tập luyện và thi đấu hằng ngày.",FALSE,2026-05-31
65,Vợt tennis Sao Vang Carbon Speed Đen,Vot,Sao Vang,"2,000,000",154,https://images.unsplash.com/photo-1542291026-7eec264c27ff?q=80&w=1200&auto=format&fit=crop,"Vợt tennis Sao Vang Carbon Speed Đen thiết kế hiện đại, chất liệu bền nhẹ, phù hợp tập luyện và thi đấu hằng ngày.",FALSE,2026-05-31
66,Vợt pickleball STRIDEX Aero Boost Xanh royal,Vot,STRIDEX,"800,000",102,https://images.unsplash.com/photo-1515886657613-9f3515b0c78f?q=80&w=1200&auto=format&fit=crop,"Vợt pickleball STRIDEX Aero Boost Xanh royal thiết kế hiện đại, chất liệu bền nhẹ, phù hợp tập luyện và thi đấu hằng ngày.",FALSE,2026-05-31
67,Vợt tennis Under Armour Air Pro Xám,Vot,Under Armour,"1,600,000",114,https://images.unsplash.com/photo-1556906781-9a412961c28c?q=80&w=1200&auto=format&fit=crop,"Vợt tennis Under Armour Air Pro Xám thiết kế hiện đại, chất liệu bền nhẹ, phù hợp tập luyện và thi đấu hằng ngày.",FALSE,2026-05-31
68,Balo thể thao Under Armour Street Pro Đỏ,Phu kien,Under Armour,"530,000",152,https://images.unsplash.com/photo-1523398002811-999ca8dec234?q=80&w=1200&auto=format&fit=crop,"Balo thể thao Under Armour Street Pro Đỏ thiết kế hiện đại, chất liệu bền nhẹ, phù hợp tập luyện và thi đấu hằng ngày.",FALSE,2026-05-31
69,Bóng pickleball Nike Dynamic Core Đỏ hồng,Bong,Nike,"260,000",52,https://images.unsplash.com/photo-1546519638-68e109498ffc?q=80&w=1200&auto=format&fit=crop,"Bóng pickleball Nike Dynamic Core Đỏ hồng thiết kế hiện đại, chất liệu bền nhẹ, phù hợp tập luyện và thi đấu hằng ngày.",FALSE,2026-05-31
70,Áo chạy bộ Puma Street Pro Đỏ hồng,Ao,Puma,"360,000",111,https://images.unsplash.com/photo-1579952363873-27f3bade9f55?q=80&w=1200&auto=format&fit=crop,"Áo chạy bộ Puma Street Pro Đỏ hồng thiết kế hiện đại, chất liệu bền nhẹ, phù hợp tập luyện và thi đấu hằng ngày.",FALSE,2026-05-31
71,Găng tay tập gym STRIDEX Storm Fit Cam,Phu kien,STRIDEX,"230,000",137,https://images.unsplash.com/photo-1599058917212-d750089bc07e?q=80&w=1200&auto=format&fit=crop,"Găng tay tập gym STRIDEX Storm Fit Cam thiết kế hiện đại, chất liệu bền nhẹ, phù hợp tập luyện và thi đấu hằng ngày.",FALSE,2026-05-31
72,Bóng đá Puma Rapid Force Đỏ hồng,Bong,Puma,"620,000",142,https://images.unsplash.com/photo-1560769629-975ec94e6a86?q=80&w=1200&auto=format&fit=crop,"Bóng đá Puma Rapid Force Đỏ hồng thiết kế hiện đại, chất liệu bền nhẹ, phù hợp tập luyện và thi đấu hằng ngày.",FALSE,2026-05-31
73,Bình nước Adidas Aero Boost Cam,Phu kien,Adidas,"350,000",54,https://images.unsplash.com/photo-1542291026-7eec264c27ff?q=80&w=1200&auto=format&fit=crop,"Bình nước Adidas Aero Boost Cam thiết kế hiện đại, chất liệu bền nhẹ, phù hợp tập luyện và thi đấu hằng ngày.",FALSE,2026-05-31
74,Áo khoác thể thao Yonex Dynamic Core Trắng,Ao,Yonex,"1,160,000",48,https://images.unsplash.com/photo-1515886657613-9f3515b0c78f?q=80&w=1200&auto=format&fit=crop,"Áo khoác thể thao Yonex Dynamic Core Trắng thiết kế hiện đại, chất liệu bền nhẹ, phù hợp tập luyện và thi đấu hằng ngày.",FALSE,2026-05-31
75,Áo bóng đá Under Armour Prime Edge Xanh royal,Ao,Under Armour,"480,000",49,https://images.unsplash.com/photo-1556906781-9a412961c28c?q=80&w=1200&auto=format&fit=crop,"Áo bóng đá Under Armour Prime Edge Xanh royal thiết kế hiện đại, chất liệu bền nhẹ, phù hợp tập luyện và thi đấu hằng ngày.",FALSE,2026-05-31
76,Áo thun thể thao Puma Dynamic Core Xanh royal,Ao,Puma,"820,000",179,https://images.unsplash.com/photo-1523398002811-999ca8dec234?q=80&w=1200&auto=format&fit=crop,"Áo thun thể thao Puma Dynamic Core Xanh royal thiết kế hiện đại, chất liệu bền nhẹ, phù hợp tập luyện và thi đấu hằng ngày.",FALSE,2026-05-31
77,Bóng đá Yonex Elite Move Vàng,Bong,Yonex,"740,000",72,https://images.unsplash.com/photo-1546519638-68e109498ffc?q=80&w=1200&auto=format&fit=crop,"Bóng đá Yonex Elite Move Vàng thiết kế hiện đại, chất liệu bền nhẹ, phù hợp tập luyện và thi đấu hằng ngày.",TRUE,2026-05-31
78,Vợt cầu lông Adidas Power Max Bạc,Vot,Adidas,"1,350,000",86,https://images.unsplash.com/photo-1579952363873-27f3bade9f55?q=80&w=1200&auto=format&fit=crop,"Vợt cầu lông Adidas Power Max Bạc thiết kế hiện đại, chất liệu bền nhẹ, phù hợp tập luyện và thi đấu hằng ngày.",FALSE,2026-05-31
79,Vợt tennis Under Armour Elite Move Cam,Vot,Under Armour,"500,000",21,https://images.unsplash.com/photo-1599058917212-d750089bc07e?q=80&w=1200&auto=format&fit=crop,"Vợt tennis Under Armour Elite Move Cam thiết kế hiện đại, chất liệu bền nhẹ, phù hợp tập luyện và thi đấu hằng ngày.",TRUE,2026-05-31
80,Quần short thể thao Puma Ultra Light Đen,Quan,Puma,"440,000",155,https://images.unsplash.com/photo-1560769629-975ec94e6a86?q=80&w=1200&auto=format&fit=crop,"Quần short thể thao Puma Ultra Light Đen thiết kế hiện đại, chất liệu bền nhẹ, phù hợp tập luyện và thi đấu hằng ngày.",FALSE,2026-05-31
81,Bình nước Joma Street Pro Cam,Phu kien,Joma,"250,000",68,https://images.unsplash.com/photo-1542291026-7eec264c27ff?q=80&w=1200&auto=format&fit=crop,"Bình nước Joma Street Pro Cam thiết kế hiện đại, chất liệu bền nhẹ, phù hợp tập luyện và thi đấu hằng ngày.",FALSE,2026-05-31
82,Giày pickleball Asics Ultra Light Xanh royal,Giay,Asics,"1,550,000",179,https://images.unsplash.com/photo-1515886657613-9f3515b0c78f?q=80&w=1200&auto=format&fit=crop,"Giày pickleball Asics Ultra Light Xanh royal thiết kế hiện đại, chất liệu bền nhẹ, phù hợp tập luyện và thi đấu hằng ngày.",FALSE,2026-05-31
83,Tất thể thao Asics Dynamic Core Xám,Phu kien,Asics,"830,000",156,https://images.unsplash.com/photo-1556906781-9a412961c28c?q=80&w=1200&auto=format&fit=crop,"Tất thể thao Asics Dynamic Core Xám thiết kế hiện đại, chất liệu bền nhẹ, phù hợp tập luyện và thi đấu hằng ngày.",FALSE,2026-05-31
84,Áo chạy bộ Sao Vang Dynamic Core Đỏ,Ao,Sao Vang,"1,100,000",13,https://images.unsplash.com/photo-1523398002811-999ca8dec234?q=80&w=1200&auto=format&fit=crop,"Áo chạy bộ Sao Vang Dynamic Core Đỏ thiết kế hiện đại, chất liệu bền nhẹ, phù hợp tập luyện và thi đấu hằng ngày.",FALSE,2026-05-31
85,Giày cầu lông Under Armour Prime Edge Xanh royal,Giay,Under Armour,"1,300,000",61,https://images.unsplash.com/photo-1546519638-68e109498ffc?q=80&w=1200&auto=format&fit=crop,"Giày cầu lông Under Armour Prime Edge Xanh royal thiết kế hiện đại, chất liệu bền nhẹ, phù hợp tập luyện và thi đấu hằng ngày.",FALSE,2026-05-31
86,Vợt cầu lông Joma Active Plus Xám,Vot,Joma,"550,000",122,https://images.unsplash.com/photo-1579952363873-27f3bade9f55?q=80&w=1200&auto=format&fit=crop,"Vợt cầu lông Joma Active Plus Xám thiết kế hiện đại, chất liệu bền nhẹ, phù hợp tập luyện và thi đấu hằng ngày.",FALSE,2026-05-31
87,Quần legging Mizuno Active Plus Trắng,Quan,Mizuno,"1,340,000",129,https://images.unsplash.com/photo-1599058917212-d750089bc07e?q=80&w=1200&auto=format&fit=crop,"Quần legging Mizuno Active Plus Trắng thiết kế hiện đại, chất liệu bền nhẹ, phù hợp tập luyện và thi đấu hằng ngày.",FALSE,2026-05-31
88,Vợt cầu lông Adidas Carbon Speed Cam,Vot,Adidas,"750,000",71,https://images.unsplash.com/photo-1560769629-975ec94e6a86?q=80&w=1200&auto=format&fit=crop,"Vợt cầu lông Adidas Carbon Speed Cam thiết kế hiện đại, chất liệu bền nhẹ, phù hợp tập luyện và thi đấu hằng ngày.",FALSE,2026-05-31
89,Bóng futsal Mizuno Power Max Đen,Bong,Mizuno,"960,000",14,https://images.unsplash.com/photo-1542291026-7eec264c27ff?q=80&w=1200&auto=format&fit=crop,"Bóng futsal Mizuno Power Max Đen thiết kế hiện đại, chất liệu bền nhẹ, phù hợp tập luyện và thi đấu hằng ngày.",FALSE,2026-05-31
90,Áo chạy bộ Mizuno Rapid Force Bạc,Ao,Mizuno,"600,000",80,https://images.unsplash.com/photo-1515886657613-9f3515b0c78f?q=80&w=1200&auto=format&fit=crop,"Áo chạy bộ Mizuno Rapid Force Bạc thiết kế hiện đại, chất liệu bền nhẹ, phù hợp tập luyện và thi đấu hằng ngày.",FALSE,2026-05-31
91,Quần bóng đá Under Armour Storm Fit Cam,Quan,Under Armour,"620,000",52,https://images.unsplash.com/photo-1556906781-9a412961c28c?q=80&w=1200&auto=format&fit=crop,"Quần bóng đá Under Armour Storm Fit Cam thiết kế hiện đại, chất liệu bền nhẹ, phù hợp tập luyện và thi đấu hằng ngày.",FALSE,2026-05-31
92,Áo khoác thể thao Mizuno Flex Run Xám,Ao,Mizuno,"640,000",161,https://images.unsplash.com/photo-1523398002811-999ca8dec234?q=80&w=1200&auto=format&fit=crop,"Áo khoác thể thao Mizuno Flex Run Xám thiết kế hiện đại, chất liệu bền nhẹ, phù hợp tập luyện và thi đấu hằng ngày.",FALSE,2026-05-31
93,Áo thun thể thao New Balance Air Pro Vàng,Ao,New Balance,"720,000",159,https://images.unsplash.com/photo-1546519638-68e109498ffc?q=80&w=1200&auto=format&fit=crop,"Áo thun thể thao New Balance Air Pro Vàng thiết kế hiện đại, chất liệu bền nhẹ, phù hợp tập luyện và thi đấu hằng ngày.",FALSE,2026-05-31
94,Bóng đá Nike Air Pro Xanh royal,Bong,Nike,"920,000",59,https://images.unsplash.com/photo-1579952363873-27f3bade9f55?q=80&w=1200&auto=format&fit=crop,"Bóng đá Nike Air Pro Xanh royal thiết kế hiện đại, chất liệu bền nhẹ, phù hợp tập luyện và thi đấu hằng ngày.",FALSE,2026-05-31
95,Quần legging Sao Vang Carbon Speed Xanh royal,Quan,Sao Vang,"260,000",86,https://images.unsplash.com/photo-1599058917212-d750089bc07e?q=80&w=1200&auto=format&fit=crop,"Quần legging Sao Vang Carbon Speed Xanh royal thiết kế hiện đại, chất liệu bền nhẹ, phù hợp tập luyện và thi đấu hằng ngày.",FALSE,2026-05-31
96,Vợt cầu lông Puma Flex Run Xanh navy,Vot,Puma,"1,400,000",144,https://images.unsplash.com/photo-1560769629-975ec94e6a86?q=80&w=1200&auto=format&fit=crop,"Vợt cầu lông Puma Flex Run Xanh navy thiết kế hiện đại, chất liệu bền nhẹ, phù hợp tập luyện và thi đấu hằng ngày.",FALSE,2026-05-31
97,Áo khoác thể thao STRIDEX Flex Run Vàng,Ao,STRIDEX,"740,000",40,https://images.unsplash.com/photo-1542291026-7eec264c27ff?q=80&w=1200&auto=format&fit=crop,"Áo khoác thể thao STRIDEX Flex Run Vàng thiết kế hiện đại, chất liệu bền nhẹ, phù hợp tập luyện và thi đấu hằng ngày.",FALSE,2026-05-31
98,Quần short thể thao Puma Flex Run Xanh royal,Quan,Puma,"640,000",110,https://images.unsplash.com/photo-1515886657613-9f3515b0c78f?q=80&w=1200&auto=format&fit=crop,"Quần short thể thao Puma Flex Run Xanh royal thiết kế hiện đại, chất liệu bền nhẹ, phù hợp tập luyện và thi đấu hằng ngày.",FALSE,2026-05-31
99,Túi đựng giày Under Armour Air Pro Cam,Phu kien,Under Armour,"800,000",94,https://images.unsplash.com/photo-1556906781-9a412961c28c?q=80&w=1200&auto=format&fit=crop,"Túi đựng giày Under Armour Air Pro Cam thiết kế hiện đại, chất liệu bền nhẹ, phù hợp tập luyện và thi đấu hằng ngày.",TRUE,2026-05-31
100,Vợt tennis New Balance Ultra Light Đỏ,Vot,New Balance,"2,500,000",154,https://images.unsplash.com/photo-1523398002811-999ca8dec234?q=80&w=1200&auto=format&fit=crop,"Vợt tennis New Balance Ultra Light Đỏ thiết kế hiện đại, chất liệu bền nhẹ, phù hợp tập luyện và thi đấu hằng ngày.",FALSE,2026-05-31
101,Quần tập gym Asics Velocity X Đen,Quan,Asics,"1,020,000",114,https://images.unsplash.com/photo-1546519638-68e109498ffc?q=80&w=1200&auto=format&fit=crop,"Quần tập gym Asics Velocity X Đen thiết kế hiện đại, chất liệu bền nhẹ, phù hợp tập luyện và thi đấu hằng ngày.",FALSE,2026-05-31
102,Vợt cầu lông Under Armour Street Pro Bạc,Vot,Under Armour,"1,300,000",105,https://images.unsplash.com/photo-1579952363873-27f3bade9f55?q=80&w=1200&auto=format&fit=crop,"Vợt cầu lông Under Armour Street Pro Bạc thiết kế hiện đại, chất liệu bền nhẹ, phù hợp tập luyện và thi đấu hằng ngày.",FALSE,2026-05-31
103,Áo thun thể thao Joma Dynamic Core Xanh navy,Ao,Joma,"880,000",162,https://images.unsplash.com/photo-1599058917212-d750089bc07e?q=80&w=1200&auto=format&fit=crop,"Áo thun thể thao Joma Dynamic Core Xanh navy thiết kế hiện đại, chất liệu bền nhẹ, phù hợp tập luyện và thi đấu hằng ngày.",FALSE,2026-05-31
104,Áo bóng đá Joma Energy Wave Xanh royal,Ao,Joma,"940,000",55,https://images.unsplash.com/photo-1560769629-975ec94e6a86?q=80&w=1200&auto=format&fit=crop,"Áo bóng đá Joma Energy Wave Xanh royal thiết kế hiện đại, chất liệu bền nhẹ, phù hợp tập luyện và thi đấu hằng ngày.",FALSE,2026-05-31
105,Túi đựng giày Mizuno Rapid Force Đen,Phu kien,Mizuno,"760,000",164,https://images.unsplash.com/photo-1542291026-7eec264c27ff?q=80&w=1200&auto=format&fit=crop,"Túi đựng giày Mizuno Rapid Force Đen thiết kế hiện đại, chất liệu bền nhẹ, phù hợp tập luyện và thi đấu hằng ngày.",FALSE,2026-05-31
106,Vợt tennis Nike Ultra Light Xám,Vot,Nike,"2,550,000",87,https://images.unsplash.com/photo-1515886657613-9f3515b0c78f?q=80&w=1200&auto=format&fit=crop,"Vợt tennis Nike Ultra Light Xám thiết kế hiện đại, chất liệu bền nhẹ, phù hợp tập luyện và thi đấu hằng ngày.",FALSE,2026-05-31
107,Vợt cầu lông Yonex Velocity X Đỏ hồng,Vot,Yonex,"3,050,000",51,https://images.unsplash.com/photo-1556906781-9a412961c28c?q=80&w=1200&auto=format&fit=crop,"Vợt cầu lông Yonex Velocity X Đỏ hồng thiết kế hiện đại, chất liệu bền nhẹ, phù hợp tập luyện và thi đấu hằng ngày.",FALSE,2026-05-31
108,Giày cầu lông Adidas Storm Fit Bạc,Giay,Adidas,"1,950,000",121,https://images.unsplash.com/photo-1523398002811-999ca8dec234?q=80&w=1200&auto=format&fit=crop,"Giày cầu lông Adidas Storm Fit Bạc thiết kế hiện đại, chất liệu bền nhẹ, phù hợp tập luyện và thi đấu hằng ngày.",FALSE,2026-05-31
109,Quần legging Puma Active Plus Xám,Quan,Puma,"1,220,000",132,https://images.unsplash.com/photo-1546519638-68e109498ffc?q=80&w=1200&auto=format&fit=crop,"Quần legging Puma Active Plus Xám thiết kế hiện đại, chất liệu bền nhẹ, phù hợp tập luyện và thi đấu hằng ngày.",TRUE,2026-05-31
110,Giày bóng rổ Joma Flex Run Vàng,Giay,Joma,"4,150,000",12,https://images.unsplash.com/photo-1579952363873-27f3bade9f55?q=80&w=1200&auto=format&fit=crop,"Giày bóng rổ Joma Flex Run Vàng thiết kế hiện đại, chất liệu bền nhẹ, phù hợp tập luyện và thi đấu hằng ngày.",FALSE,2026-05-31
111,Bóng rổ Lining Carbon Speed Xanh royal,Bong,Lining,"1,440,000",89,https://images.unsplash.com/photo-1599058917212-d750089bc07e?q=80&w=1200&auto=format&fit=crop,"Bóng rổ Lining Carbon Speed Xanh royal thiết kế hiện đại, chất liệu bền nhẹ, phù hợp tập luyện và thi đấu hằng ngày.",FALSE,2026-05-31
112,Găng tay tập gym STRIDEX Aero Boost Đỏ hồng,Phu kien,STRIDEX,"240,000",174,https://images.unsplash.com/photo-1560769629-975ec94e6a86?q=80&w=1200&auto=format&fit=crop,"Găng tay tập gym STRIDEX Aero Boost Đỏ hồng thiết kế hiện đại, chất liệu bền nhẹ, phù hợp tập luyện và thi đấu hằng ngày.",TRUE,2026-05-31
113,Vợt cầu lông Puma Flex Run Đỏ hồng,Vot,Puma,"1,000,000",63,https://images.unsplash.com/photo-1542291026-7eec264c27ff?q=80&w=1200&auto=format&fit=crop,"Vợt cầu lông Puma Flex Run Đỏ hồng thiết kế hiện đại, chất liệu bền nhẹ, phù hợp tập luyện và thi đấu hằng ngày.",FALSE,2026-05-31
114,Bóng đá Asics Energy Wave Xanh royal,Bong,Asics,"420,000",53,https://images.unsplash.com/photo-1515886657613-9f3515b0c78f?q=80&w=1200&auto=format&fit=crop,"Bóng đá Asics Energy Wave Xanh royal thiết kế hiện đại, chất liệu bền nhẹ, phù hợp tập luyện và thi đấu hằng ngày.",FALSE,2026-05-31
115,Túi đựng giày Mizuno Aero Boost Xám,Phu kien,Mizuno,"720,000",54,https://images.unsplash.com/photo-1556906781-9a412961c28c?q=80&w=1200&auto=format&fit=crop,"Túi đựng giày Mizuno Aero Boost Xám thiết kế hiện đại, chất liệu bền nhẹ, phù hợp tập luyện và thi đấu hằng ngày.",FALSE,2026-05-31
116,Áo bóng đá New Balance Air Pro Xanh navy,Ao,New Balance,"860,000",159,https://images.unsplash.com/photo-1523398002811-999ca8dec234?q=80&w=1200&auto=format&fit=crop,"Áo bóng đá New Balance Air Pro Xanh navy thiết kế hiện đại, chất liệu bền nhẹ, phù hợp tập luyện và thi đấu hằng ngày.",FALSE,2026-05-31
117,Quần bóng đá Nike Elite Move Xanh royal,Quan,Nike,"300,000",123,https://images.unsplash.com/photo-1546519638-68e109498ffc?q=80&w=1200&auto=format&fit=crop,"Quần bóng đá Nike Elite Move Xanh royal thiết kế hiện đại, chất liệu bền nhẹ, phù hợp tập luyện và thi đấu hằng ngày.",TRUE,2026-05-31
118,Vợt pickleball New Balance Dynamic Core Đỏ hồng,Vot,New Balance,"1,450,000",112,https://images.unsplash.com/photo-1579952363873-27f3bade9f55?q=80&w=1200&auto=format&fit=crop,"Vợt pickleball New Balance Dynamic Core Đỏ hồng thiết kế hiện đại, chất liệu bền nhẹ, phù hợp tập luyện và thi đấu hằng ngày.",FALSE,2026-05-31
119,Giày pickleball Yonex Rapid Force Xám,Giay,Yonex,"3,450,000",143,https://images.unsplash.com/photo-1599058917212-d750089bc07e?q=80&w=1200&auto=format&fit=crop,"Giày pickleball Yonex Rapid Force Xám thiết kế hiện đại, chất liệu bền nhẹ, phù hợp tập luyện và thi đấu hằng ngày.",FALSE,2026-05-31
120,Quần legging Lining Velocity X Cam,Quan,Lining,"820,000",111,https://images.unsplash.com/photo-1560769629-975ec94e6a86?q=80&w=1200&auto=format&fit=crop,"Quần legging Lining Velocity X Cam thiết kế hiện đại, chất liệu bền nhẹ, phù hợp tập luyện và thi đấu hằng ngày.",FALSE,2026-05-31
121,Áo khoác thể thao Under Armour Dynamic Core Xám,Ao,Under Armour,"560,000",97,https://images.unsplash.com/photo-1542291026-7eec264c27ff?q=80&w=1200&auto=format&fit=crop,"Áo khoác thể thao Under Armour Dynamic Core Xám thiết kế hiện đại, chất liệu bền nhẹ, phù hợp tập luyện và thi đấu hằng ngày.",FALSE,2026-05-31
122,Giày bóng đá New Balance Prime Edge Vàng,Giay,New Balance,"1,900,000",82,https://images.unsplash.com/photo-1515886657613-9f3515b0c78f?q=80&w=1200&auto=format&fit=crop,"Giày bóng đá New Balance Prime Edge Vàng thiết kế hiện đại, chất liệu bền nhẹ, phù hợp tập luyện và thi đấu hằng ngày.",TRUE,2026-05-31
123,Vợt tennis Puma Flex Run Đỏ hồng,Vot,Puma,"2,450,000",98,https://images.unsplash.com/photo-1556906781-9a412961c28c?q=80&w=1200&auto=format&fit=crop,"Vợt tennis Puma Flex Run Đỏ hồng thiết kế hiện đại, chất liệu bền nhẹ, phù hợp tập luyện và thi đấu hằng ngày.",FALSE,2026-05-31
124,Vợt cầu lông New Balance Elite Move Đen,Vot,New Balance,"550,000",113,https://images.unsplash.com/photo-1523398002811-999ca8dec234?q=80&w=1200&auto=format&fit=crop,"Vợt cầu lông New Balance Elite Move Đen thiết kế hiện đại, chất liệu bền nhẹ, phù hợp tập luyện và thi đấu hằng ngày.",FALSE,2026-05-31
125,Vợt cầu lông Joma Energy Wave Bạc,Vot,Joma,"1,650,000",35,https://images.unsplash.com/photo-1546519638-68e109498ffc?q=80&w=1200&auto=format&fit=crop,"Vợt cầu lông Joma Energy Wave Bạc thiết kế hiện đại, chất liệu bền nhẹ, phù hợp tập luyện và thi đấu hằng ngày.",FALSE,2026-05-31
126,Quần bóng đá Under Armour Rapid Force Đỏ hồng,Quan,Under Armour,"720,000",141,https://images.unsplash.com/photo-1579952363873-27f3bade9f55?q=80&w=1200&auto=format&fit=crop,"Quần bóng đá Under Armour Rapid Force Đỏ hồng thiết kế hiện đại, chất liệu bền nhẹ, phù hợp tập luyện và thi đấu hằng ngày.",FALSE,2026-05-31
127,Vợt cầu lông Sao Vang Active Plus Xanh navy,Vot,Sao Vang,"1,250,000",167,https://images.unsplash.com/photo-1599058917212-d750089bc07e?q=80&w=1200&auto=format&fit=crop,"Vợt cầu lông Sao Vang Active Plus Xanh navy thiết kế hiện đại, chất liệu bền nhẹ, phù hợp tập luyện và thi đấu hằng ngày.",TRUE,2026-05-31
128,Áo chạy bộ Mizuno Carbon Speed Đen,Ao,Mizuno,"1,180,000",136,https://images.unsplash.com/photo-1560769629-975ec94e6a86?q=80&w=1200&auto=format&fit=crop,"Áo chạy bộ Mizuno Carbon Speed Đen thiết kế hiện đại, chất liệu bền nhẹ, phù hợp tập luyện và thi đấu hằng ngày.",FALSE,2026-05-31
129,Bóng đá Adidas Street Pro Xám,Bong,Adidas,"820,000",109,https://images.unsplash.com/photo-1542291026-7eec264c27ff?q=80&w=1200&auto=format&fit=crop,"Bóng đá Adidas Street Pro Xám thiết kế hiện đại, chất liệu bền nhẹ, phù hợp tập luyện và thi đấu hằng ngày.",FALSE,2026-05-31
130,Bóng rổ Mizuno Prime Edge Xanh royal,Bong,Mizuno,"1,300,000",120,https://images.unsplash.com/photo-1515886657613-9f3515b0c78f?q=80&w=1200&auto=format&fit=crop,"Bóng rổ Mizuno Prime Edge Xanh royal thiết kế hiện đại, chất liệu bền nhẹ, phù hợp tập luyện và thi đấu hằng ngày.",FALSE,2026-05-31
131,Áo bóng đá Yonex Storm Fit Xám,Ao,Yonex,"920,000",41,https://images.unsplash.com/photo-1556906781-9a412961c28c?q=80&w=1200&auto=format&fit=crop,"Áo bóng đá Yonex Storm Fit Xám thiết kế hiện đại, chất liệu bền nhẹ, phù hợp tập luyện và thi đấu hằng ngày.",FALSE,2026-05-31
132,Bóng chuyền Sao Vang Ultra Light Xanh royal,Bong,Sao Vang,"1,320,000",120,https://images.unsplash.com/photo-1523398002811-999ca8dec234?q=80&w=1200&auto=format&fit=crop,"Bóng chuyền Sao Vang Ultra Light Xanh royal thiết kế hiện đại, chất liệu bền nhẹ, phù hợp tập luyện và thi đấu hằng ngày.",FALSE,2026-05-31
133,Băng cổ tay STRIDEX Velocity X Trắng,Phu kien,STRIDEX,"300,000",62,https://images.unsplash.com/photo-1546519638-68e109498ffc?q=80&w=1200&auto=format&fit=crop,"Băng cổ tay STRIDEX Velocity X Trắng thiết kế hiện đại, chất liệu bền nhẹ, phù hợp tập luyện và thi đấu hằng ngày.",FALSE,2026-05-31
134,Quần short thể thao Adidas Energy Wave Xanh navy,Quan,Adidas,"1,180,000",128,https://images.unsplash.com/photo-1579952363873-27f3bade9f55?q=80&w=1200&auto=format&fit=crop,"Quần short thể thao Adidas Energy Wave Xanh navy thiết kế hiện đại, chất liệu bền nhẹ, phù hợp tập luyện và thi đấu hằng ngày.",TRUE,2026-05-31
135,Bóng pickleball Mizuno Energy Wave Bạc,Bong,Mizuno,"1,220,000",92,https://images.unsplash.com/photo-1599058917212-d750089bc07e?q=80&w=1200&auto=format&fit=crop,"Bóng pickleball Mizuno Energy Wave Bạc thiết kế hiện đại, chất liệu bền nhẹ, phù hợp tập luyện và thi đấu hằng ngày.",FALSE,2026-05-31
136,Áo khoác thể thao Nike Prime Edge Cam,Ao,Nike,"180,000",33,https://images.unsplash.com/photo-1560769629-975ec94e6a86?q=80&w=1200&auto=format&fit=crop,"Áo khoác thể thao Nike Prime Edge Cam thiết kế hiện đại, chất liệu bền nhẹ, phù hợp tập luyện và thi đấu hằng ngày.",FALSE,2026-05-31
137,Bóng đá Puma Power Max Đỏ hồng,Bong,Puma,"820,000",45,https://images.unsplash.com/photo-1542291026-7eec264c27ff?q=80&w=1200&auto=format&fit=crop,"Bóng đá Puma Power Max Đỏ hồng thiết kế hiện đại, chất liệu bền nhẹ, phù hợp tập luyện và thi đấu hằng ngày.",TRUE,2026-05-31
138,Vợt pickleball Nike Prime Edge Xám,Vot,Nike,"500,000",107,https://images.unsplash.com/photo-1515886657613-9f3515b0c78f?q=80&w=1200&auto=format&fit=crop,"Vợt pickleball Nike Prime Edge Xám thiết kế hiện đại, chất liệu bền nhẹ, phù hợp tập luyện và thi đấu hằng ngày.",FALSE,2026-05-31
139,Giày bóng đá New Balance Carbon Speed Đỏ,Giay,New Balance,"1,350,000",136,https://images.unsplash.com/photo-1556906781-9a412961c28c?q=80&w=1200&auto=format&fit=crop,"Giày bóng đá New Balance Carbon Speed Đỏ thiết kế hiện đại, chất liệu bền nhẹ, phù hợp tập luyện và thi đấu hằng ngày.",TRUE,2026-05-31
140,Giày bóng rổ Joma Active Plus Đen,Giay,Joma,"3,150,000",92,https://images.unsplash.com/photo-1523398002811-999ca8dec234?q=80&w=1200&auto=format&fit=crop,"Giày bóng rổ Joma Active Plus Đen thiết kế hiện đại, chất liệu bền nhẹ, phù hợp tập luyện và thi đấu hằng ngày.",FALSE,2026-05-31
141,Bóng rổ Lining Prime Edge Đỏ hồng,Bong,Lining,"240,000",21,https://images.unsplash.com/photo-1546519638-68e109498ffc?q=80&w=1200&auto=format&fit=crop,"Bóng rổ Lining Prime Edge Đỏ hồng thiết kế hiện đại, chất liệu bền nhẹ, phù hợp tập luyện và thi đấu hằng ngày.",FALSE,2026-05-31
142,Bóng futsal Joma Aero Boost Xanh navy,Bong,Joma,"520,000",39,https://images.unsplash.com/photo-1579952363873-27f3bade9f55?q=80&w=1200&auto=format&fit=crop,"Bóng futsal Joma Aero Boost Xanh navy thiết kế hiện đại, chất liệu bền nhẹ, phù hợp tập luyện và thi đấu hằng ngày.",FALSE,2026-05-31
143,Quần tập gym Nike Flex Run Đỏ,Quan,Nike,"260,000",98,https://images.unsplash.com/photo-1599058917212-d750089bc07e?q=80&w=1200&auto=format&fit=crop,"Quần tập gym Nike Flex Run Đỏ thiết kế hiện đại, chất liệu bền nhẹ, phù hợp tập luyện và thi đấu hằng ngày.",FALSE,2026-05-31
144,Áo chạy bộ Nike Storm Fit Đỏ,Ao,Nike,"880,000",97,https://images.unsplash.com/photo-1560769629-975ec94e6a86?q=80&w=1200&auto=format&fit=crop,"Áo chạy bộ Nike Storm Fit Đỏ thiết kế hiện đại, chất liệu bền nhẹ, phù hợp tập luyện và thi đấu hằng ngày.",FALSE,2026-05-31
145,Quần short thể thao Adidas Energy Wave Bạc,Quan,Adidas,"900,000",136,https://images.unsplash.com/photo-1542291026-7eec264c27ff?q=80&w=1200&auto=format&fit=crop,"Quần short thể thao Adidas Energy Wave Bạc thiết kế hiện đại, chất liệu bền nhẹ, phù hợp tập luyện và thi đấu hằng ngày.",FALSE,2026-05-31
146,Bóng rổ Sao Vang Active Plus Cam,Bong,Sao Vang,"800,000",122,https://images.unsplash.com/photo-1515886657613-9f3515b0c78f?q=80&w=1200&auto=format&fit=crop,"Bóng rổ Sao Vang Active Plus Cam thiết kế hiện đại, chất liệu bền nhẹ, phù hợp tập luyện và thi đấu hằng ngày.",FALSE,2026-05-31
147,Quần tập gym Nike Energy Wave Cam,Quan,Nike,"460,000",162,https://images.unsplash.com/photo-1556906781-9a412961c28c?q=80&w=1200&auto=format&fit=crop,"Quần tập gym Nike Energy Wave Cam thiết kế hiện đại, chất liệu bền nhẹ, phù hợp tập luyện và thi đấu hằng ngày.",TRUE,2026-05-31
148,Balo thể thao STRIDEX Rapid Force Xanh royal,Phu kien,STRIDEX,"340,000",73,https://images.unsplash.com/photo-1523398002811-999ca8dec234?q=80&w=1200&auto=format&fit=crop,"Balo thể thao STRIDEX Rapid Force Xanh royal thiết kế hiện đại, chất liệu bền nhẹ, phù hợp tập luyện và thi đấu hằng ngày.",FALSE,2026-05-31
149,Quần short thể thao Yonex Street Pro Đen,Quan,Yonex,"1,280,000",80,https://images.unsplash.com/photo-1546519638-68e109498ffc?q=80&w=1200&auto=format&fit=crop,"Quần short thể thao Yonex Street Pro Đen thiết kế hiện đại, chất liệu bền nhẹ, phù hợp tập luyện và thi đấu hằng ngày.",FALSE,2026-05-31
150,Vợt tennis Sao Vang Street Pro Đỏ,Vot,Sao Vang,"1,950,000",113,https://images.unsplash.com/photo-1579952363873-27f3bade9f55?q=80&w=1200&auto=format&fit=crop,"Vợt tennis Sao Vang Street Pro Đỏ thiết kế hiện đại, chất liệu bền nhẹ, phù hợp tập luyện và thi đấu hằng ngày.",FALSE,2026-05-31
151,Bóng chuyền Joma Storm Fit Trắng,Bong,Joma,"680,000",37,https://images.unsplash.com/photo-1599058917212-d750089bc07e?q=80&w=1200&auto=format&fit=crop,"Bóng chuyền Joma Storm Fit Trắng thiết kế hiện đại, chất liệu bền nhẹ, phù hợp tập luyện và thi đấu hằng ngày.",FALSE,2026-05-31
152,Áo khoác thể thao Puma Street Pro Đỏ,Ao,Puma,"440,000",69,https://images.unsplash.com/photo-1560769629-975ec94e6a86?q=80&w=1200&auto=format&fit=crop,"Áo khoác thể thao Puma Street Pro Đỏ thiết kế hiện đại, chất liệu bền nhẹ, phù hợp tập luyện và thi đấu hằng ngày.",FALSE,2026-05-31
153,Áo khoác thể thao Nike Rapid Force Xám,Ao,Nike,"1,120,000",70,https://images.unsplash.com/photo-1542291026-7eec264c27ff?q=80&w=1200&auto=format&fit=crop,"Áo khoác thể thao Nike Rapid Force Xám thiết kế hiện đại, chất liệu bền nhẹ, phù hợp tập luyện và thi đấu hằng ngày.",FALSE,2026-05-31
154,Tất thể thao Asics Flex Run Đen,Phu kien,Asics,"440,000",55,https://images.unsplash.com/photo-1515886657613-9f3515b0c78f?q=80&w=1200&auto=format&fit=crop,"Tất thể thao Asics Flex Run Đen thiết kế hiện đại, chất liệu bền nhẹ, phù hợp tập luyện và thi đấu hằng ngày.",FALSE,2026-05-31
155,Giày chạy bộ Asics Aero Boost Xám,Giay,Asics,"1,500,000",45,https://images.unsplash.com/photo-1556906781-9a412961c28c?q=80&w=1200&auto=format&fit=crop,"Giày chạy bộ Asics Aero Boost Xám thiết kế hiện đại, chất liệu bền nhẹ, phù hợp tập luyện và thi đấu hằng ngày.",FALSE,2026-05-31
156,Áo thun thể thao New Balance Air Pro Xanh royal,Ao,New Balance,"1,060,000",6,https://images.unsplash.com/photo-1523398002811-999ca8dec234?q=80&w=1200&auto=format&fit=crop,"Áo thun thể thao New Balance Air Pro Xanh royal thiết kế hiện đại, chất liệu bền nhẹ, phù hợp tập luyện và thi đấu hằng ngày.",TRUE,2026-05-31
157,Áo gym Sao Vang Elite Move Bạc,Ao,Sao Vang,"700,000",25,https://images.unsplash.com/photo-1546519638-68e109498ffc?q=80&w=1200&auto=format&fit=crop,"Áo gym Sao Vang Elite Move Bạc thiết kế hiện đại, chất liệu bền nhẹ, phù hợp tập luyện và thi đấu hằng ngày.",FALSE,2026-05-31
158,Tất thể thao Sao Vang Carbon Speed Đỏ hồng,Phu kien,Sao Vang,"630,000",76,https://images.unsplash.com/photo-1579952363873-27f3bade9f55?q=80&w=1200&auto=format&fit=crop,"Tất thể thao Sao Vang Carbon Speed Đỏ hồng thiết kế hiện đại, chất liệu bền nhẹ, phù hợp tập luyện và thi đấu hằng ngày.",FALSE,2026-05-31
159,Giày chạy bộ Nike Prime Edge Cam,Giay,Nike,"3,400,000",180,https://images.unsplash.com/photo-1599058917212-d750089bc07e?q=80&w=1200&auto=format&fit=crop,"Giày chạy bộ Nike Prime Edge Cam thiết kế hiện đại, chất liệu bền nhẹ, phù hợp tập luyện và thi đấu hằng ngày.",FALSE,2026-05-31
160,Vợt cầu lông New Balance Elite Move Đen,Vot,New Balance,"1,250,000",143,https://images.unsplash.com/photo-1560769629-975ec94e6a86?q=80&w=1200&auto=format&fit=crop,"Vợt cầu lông New Balance Elite Move Đen thiết kế hiện đại, chất liệu bền nhẹ, phù hợp tập luyện và thi đấu hằng ngày.",FALSE,2026-05-31
161,Áo chạy bộ Adidas Elite Move Xanh navy,Ao,Adidas,"520,000",60,https://images.unsplash.com/photo-1542291026-7eec264c27ff?q=80&w=1200&auto=format&fit=crop,"Áo chạy bộ Adidas Elite Move Xanh navy thiết kế hiện đại, chất liệu bền nhẹ, phù hợp tập luyện và thi đấu hằng ngày.",FALSE,2026-05-31
162,Vợt pickleball Mizuno Energy Wave Cam,Vot,Mizuno,"1,900,000",52,https://images.unsplash.com/photo-1515886657613-9f3515b0c78f?q=80&w=1200&auto=format&fit=crop,"Vợt pickleball Mizuno Energy Wave Cam thiết kế hiện đại, chất liệu bền nhẹ, phù hợp tập luyện và thi đấu hằng ngày.",FALSE,2026-05-31
163,Vợt tennis Yonex Power Max Đỏ,Vot,Yonex,"450,000",74,https://images.unsplash.com/photo-1556906781-9a412961c28c?q=80&w=1200&auto=format&fit=crop,"Vợt tennis Yonex Power Max Đỏ thiết kế hiện đại, chất liệu bền nhẹ, phù hợp tập luyện và thi đấu hằng ngày.",FALSE,2026-05-31
164,Băng cổ tay Lining Power Max Đỏ hồng,Phu kien,Lining,"680,000",29,https://images.unsplash.com/photo-1523398002811-999ca8dec234?q=80&w=1200&auto=format&fit=crop,"Băng cổ tay Lining Power Max Đỏ hồng thiết kế hiện đại, chất liệu bền nhẹ, phù hợp tập luyện và thi đấu hằng ngày.",FALSE,2026-05-31
165,Tất thể thao Under Armour Aero Boost Đen,Phu kien,Under Armour,"560,000",130,https://images.unsplash.com/photo-1546519638-68e109498ffc?q=80&w=1200&auto=format&fit=crop,"Tất thể thao Under Armour Aero Boost Đen thiết kế hiện đại, chất liệu bền nhẹ, phù hợp tập luyện và thi đấu hằng ngày.",FALSE,2026-05-31
166,Vợt tennis Sao Vang Velocity X Đỏ,Vot,Sao Vang,"3,150,000",150,https://images.unsplash.com/photo-1579952363873-27f3bade9f55?q=80&w=1200&auto=format&fit=crop,"Vợt tennis Sao Vang Velocity X Đỏ thiết kế hiện đại, chất liệu bền nhẹ, phù hợp tập luyện và thi đấu hằng ngày.",FALSE,2026-05-31
167,Túi đựng giày Nike Velocity X Đen,Phu kien,Nike,"400,000",12,https://images.unsplash.com/photo-1599058917212-d750089bc07e?q=80&w=1200&auto=format&fit=crop,"Túi đựng giày Nike Velocity X Đen thiết kế hiện đại, chất liệu bền nhẹ, phù hợp tập luyện và thi đấu hằng ngày.",FALSE,2026-05-31
168,Áo khoác thể thao Nike Ultra Light Xanh navy,Ao,Nike,"1,120,000",104,https://images.unsplash.com/photo-1560769629-975ec94e6a86?q=80&w=1200&auto=format&fit=crop,"Áo khoác thể thao Nike Ultra Light Xanh navy thiết kế hiện đại, chất liệu bền nhẹ, phù hợp tập luyện và thi đấu hằng ngày.",TRUE,2026-05-31
169,Áo gym Adidas Dynamic Core Xanh navy,Ao,Adidas,"600,000",133,https://images.unsplash.com/photo-1542291026-7eec264c27ff?q=80&w=1200&auto=format&fit=crop,"Áo gym Adidas Dynamic Core Xanh navy thiết kế hiện đại, chất liệu bền nhẹ, phù hợp tập luyện và thi đấu hằng ngày.",FALSE,2026-05-31
170,Quần legging Nike Dynamic Core Trắng,Quan,Nike,"640,000",69,https://images.unsplash.com/photo-1515886657613-9f3515b0c78f?q=80&w=1200&auto=format&fit=crop,"Quần legging Nike Dynamic Core Trắng thiết kế hiện đại, chất liệu bền nhẹ, phù hợp tập luyện và thi đấu hằng ngày.",FALSE,2026-05-31
171,Vợt pickleball Sao Vang Aero Boost Xanh navy,Vot,Sao Vang,"1,050,000",89,https://images.unsplash.com/photo-1556906781-9a412961c28c?q=80&w=1200&auto=format&fit=crop,"Vợt pickleball Sao Vang Aero Boost Xanh navy thiết kế hiện đại, chất liệu bền nhẹ, phù hợp tập luyện và thi đấu hằng ngày.",FALSE,2026-05-31
172,Vợt pickleball Under Armour Street Pro Xanh navy,Vot,Under Armour,"1,000,000",66,https://images.unsplash.com/photo-1523398002811-999ca8dec234?q=80&w=1200&auto=format&fit=crop,"Vợt pickleball Under Armour Street Pro Xanh navy thiết kế hiện đại, chất liệu bền nhẹ, phù hợp tập luyện và thi đấu hằng ngày.",TRUE,2026-05-31
173,Giày bóng đá New Balance Carbon Speed Xanh navy,Giay,New Balance,"2,900,000",96,https://images.unsplash.com/photo-1546519638-68e109498ffc?q=80&w=1200&auto=format&fit=crop,"Giày bóng đá New Balance Carbon Speed Xanh navy thiết kế hiện đại, chất liệu bền nhẹ, phù hợp tập luyện và thi đấu hằng ngày.",FALSE,2026-05-31
174,Quần bóng đá Puma Carbon Speed Xám,Quan,Puma,"820,000",116,https://images.unsplash.com/photo-1579952363873-27f3bade9f55?q=80&w=1200&auto=format&fit=crop,"Quần bóng đá Puma Carbon Speed Xám thiết kế hiện đại, chất liệu bền nhẹ, phù hợp tập luyện và thi đấu hằng ngày.",FALSE,2026-05-31
175,Vợt cầu lông Asics Carbon Speed Đen,Vot,Asics,"2,900,000",98,https://images.unsplash.com/photo-1599058917212-d750089bc07e?q=80&w=1200&auto=format&fit=crop,"Vợt cầu lông Asics Carbon Speed Đen thiết kế hiện đại, chất liệu bền nhẹ, phù hợp tập luyện và thi đấu hằng ngày.",FALSE,2026-05-31
176,Bóng chuyền Asics Air Pro Bạc,Bong,Asics,"660,000",113,https://images.unsplash.com/photo-1560769629-975ec94e6a86?q=80&w=1200&auto=format&fit=crop,"Bóng chuyền Asics Air Pro Bạc thiết kế hiện đại, chất liệu bền nhẹ, phù hợp tập luyện và thi đấu hằng ngày.",FALSE,2026-05-31
177,Áo chạy bộ New Balance Ultra Light Đen,Ao,New Balance,"720,000",166,https://images.unsplash.com/photo-1542291026-7eec264c27ff?q=80&w=1200&auto=format&fit=crop,"Áo chạy bộ New Balance Ultra Light Đen thiết kế hiện đại, chất liệu bền nhẹ, phù hợp tập luyện và thi đấu hằng ngày.",FALSE,2026-05-31
178,Giày chạy bộ Puma Air Pro Đỏ,Giay,Puma,"1,000,000",47,https://images.unsplash.com/photo-1515886657613-9f3515b0c78f?q=80&w=1200&auto=format&fit=crop,"Giày chạy bộ Puma Air Pro Đỏ thiết kế hiện đại, chất liệu bền nhẹ, phù hợp tập luyện và thi đấu hằng ngày.",FALSE,2026-05-31
179,Giày bóng rổ STRIDEX Active Plus Trắng,Giay,STRIDEX,"3,200,000",27,https://images.unsplash.com/photo-1556906781-9a412961c28c?q=80&w=1200&auto=format&fit=crop,"Giày bóng rổ STRIDEX Active Plus Trắng thiết kế hiện đại, chất liệu bền nhẹ, phù hợp tập luyện và thi đấu hằng ngày.",FALSE,2026-05-31
180,Vợt pickleball Joma Elite Move Trắng,Vot,Joma,"900,000",22,https://images.unsplash.com/photo-1523398002811-999ca8dec234?q=80&w=1200&auto=format&fit=crop,"Vợt pickleball Joma Elite Move Trắng thiết kế hiện đại, chất liệu bền nhẹ, phù hợp tập luyện và thi đấu hằng ngày.",TRUE,2026-05-31
181,Quần bóng đá Yonex Flex Run Đỏ hồng,Quan,Yonex,"300,000",159,https://images.unsplash.com/photo-1546519638-68e109498ffc?q=80&w=1200&auto=format&fit=crop,"Quần bóng đá Yonex Flex Run Đỏ hồng thiết kế hiện đại, chất liệu bền nhẹ, phù hợp tập luyện và thi đấu hằng ngày.",FALSE,2026-05-31
182,Quần tập gym Puma Carbon Speed Đỏ,Quan,Puma,"800,000",159,https://images.unsplash.com/photo-1579952363873-27f3bade9f55?q=80&w=1200&auto=format&fit=crop,"Quần tập gym Puma Carbon Speed Đỏ thiết kế hiện đại, chất liệu bền nhẹ, phù hợp tập luyện và thi đấu hằng ngày.",FALSE,2026-05-31
183,Giày pickleball STRIDEX Velocity X Xám,Giay,STRIDEX,"3,500,000",94,https://images.unsplash.com/photo-1599058917212-d750089bc07e?q=80&w=1200&auto=format&fit=crop,"Giày pickleball STRIDEX Velocity X Xám thiết kế hiện đại, chất liệu bền nhẹ, phù hợp tập luyện và thi đấu hằng ngày.",FALSE,2026-05-31
184,Bóng pickleball STRIDEX Ultra Light Cam,Bong,STRIDEX,"1,200,000",154,https://images.unsplash.com/photo-1560769629-975ec94e6a86?q=80&w=1200&auto=format&fit=crop,"Bóng pickleball STRIDEX Ultra Light Cam thiết kế hiện đại, chất liệu bền nhẹ, phù hợp tập luyện và thi đấu hằng ngày.",FALSE,2026-05-31
185,Bóng pickleball Lining Air Pro Đỏ,Bong,Lining,"1,580,000",148,https://images.unsplash.com/photo-1542291026-7eec264c27ff?q=80&w=1200&auto=format&fit=crop,"Bóng pickleball Lining Air Pro Đỏ thiết kế hiện đại, chất liệu bền nhẹ, phù hợp tập luyện và thi đấu hằng ngày.",FALSE,2026-05-31
186,Áo khoác thể thao New Balance Prime Edge Vàng,Ao,New Balance,"680,000",79,https://images.unsplash.com/photo-1515886657613-9f3515b0c78f?q=80&w=1200&auto=format&fit=crop,"Áo khoác thể thao New Balance Prime Edge Vàng thiết kế hiện đại, chất liệu bền nhẹ, phù hợp tập luyện và thi đấu hằng ngày.",FALSE,2026-05-31
187,Tất thể thao Puma Rapid Force Đỏ,Phu kien,Puma,"790,000",22,https://images.unsplash.com/photo-1556906781-9a412961c28c?q=80&w=1200&auto=format&fit=crop,"Tất thể thao Puma Rapid Force Đỏ thiết kế hiện đại, chất liệu bền nhẹ, phù hợp tập luyện và thi đấu hằng ngày.",FALSE,2026-05-31
188,Quần tập gym Asics Ultra Light Trắng,Quan,Asics,"1,300,000",177,https://images.unsplash.com/photo-1523398002811-999ca8dec234?q=80&w=1200&auto=format&fit=crop,"Quần tập gym Asics Ultra Light Trắng thiết kế hiện đại, chất liệu bền nhẹ, phù hợp tập luyện và thi đấu hằng ngày.",FALSE,2026-05-31
189,Quần tập gym Under Armour Prime Edge Xám,Quan,Under Armour,"700,000",87,https://images.unsplash.com/photo-1546519638-68e109498ffc?q=80&w=1200&auto=format&fit=crop,"Quần tập gym Under Armour Prime Edge Xám thiết kế hiện đại, chất liệu bền nhẹ, phù hợp tập luyện và thi đấu hằng ngày.",FALSE,2026-05-31
190,Giày bóng đá Puma Active Plus Xanh navy,Giay,Puma,"3,650,000",79,https://images.unsplash.com/photo-1579952363873-27f3bade9f55?q=80&w=1200&auto=format&fit=crop,"Giày bóng đá Puma Active Plus Xanh navy thiết kế hiện đại, chất liệu bền nhẹ, phù hợp tập luyện và thi đấu hằng ngày.",FALSE,2026-05-31
191,Vợt cầu lông Sao Vang Velocity X Bạc,Vot,Sao Vang,"2,100,000",61,https://images.unsplash.com/photo-1599058917212-d750089bc07e?q=80&w=1200&auto=format&fit=crop,"Vợt cầu lông Sao Vang Velocity X Bạc thiết kế hiện đại, chất liệu bền nhẹ, phù hợp tập luyện và thi đấu hằng ngày.",FALSE,2026-05-31
192,Vợt pickleball Yonex Aero Boost Trắng,Vot,Yonex,"2,050,000",158,https://images.unsplash.com/photo-1560769629-975ec94e6a86?q=80&w=1200&auto=format&fit=crop,"Vợt pickleball Yonex Aero Boost Trắng thiết kế hiện đại, chất liệu bền nhẹ, phù hợp tập luyện và thi đấu hằng ngày.",FALSE,2026-05-31
193,Giày cầu lông Under Armour Flex Run Đỏ hồng,Giay,Under Armour,"1,350,000",50,https://images.unsplash.com/photo-1542291026-7eec264c27ff?q=80&w=1200&auto=format&fit=crop,"Giày cầu lông Under Armour Flex Run Đỏ hồng thiết kế hiện đại, chất liệu bền nhẹ, phù hợp tập luyện và thi đấu hằng ngày.",FALSE,2026-05-31
194,Quần short thể thao Asics Carbon Speed Đen,Quan,Asics,"940,000",10,https://images.unsplash.com/photo-1515886657613-9f3515b0c78f?q=80&w=1200&auto=format&fit=crop,"Quần short thể thao Asics Carbon Speed Đen thiết kế hiện đại, chất liệu bền nhẹ, phù hợp tập luyện và thi đấu hằng ngày.",FALSE,2026-05-31
195,Bóng futsal Asics Storm Fit Đen,Bong,Asics,"820,000",156,https://images.unsplash.com/photo-1556906781-9a412961c28c?q=80&w=1200&auto=format&fit=crop,"Bóng futsal Asics Storm Fit Đen thiết kế hiện đại, chất liệu bền nhẹ, phù hợp tập luyện và thi đấu hằng ngày.",FALSE,2026-05-31
196,Bóng chuyền Under Armour Air Pro Xanh royal,Bong,Under Armour,"620,000",33,https://images.unsplash.com/photo-1523398002811-999ca8dec234?q=80&w=1200&auto=format&fit=crop,"Bóng chuyền Under Armour Air Pro Xanh royal thiết kế hiện đại, chất liệu bền nhẹ, phù hợp tập luyện và thi đấu hằng ngày.",FALSE,2026-05-31
197,Balo thể thao Nike Power Max Cam,Phu kien,Nike,"210,000",169,https://images.unsplash.com/photo-1546519638-68e109498ffc?q=80&w=1200&auto=format&fit=crop,"Balo thể thao Nike Power Max Cam thiết kế hiện đại, chất liệu bền nhẹ, phù hợp tập luyện và thi đấu hằng ngày.",FALSE,2026-05-31
198,Quần tập gym Asics Active Plus Đỏ,Quan,Asics,"760,000",42,https://images.unsplash.com/photo-1579952363873-27f3bade9f55?q=80&w=1200&auto=format&fit=crop,"Quần tập gym Asics Active Plus Đỏ thiết kế hiện đại, chất liệu bền nhẹ, phù hợp tập luyện và thi đấu hằng ngày.",TRUE,2026-05-31
199,Quần jogger Nike Air Pro Cam,Quan,Nike,"720,000",147,https://images.unsplash.com/photo-1599058917212-d750089bc07e?q=80&w=1200&auto=format&fit=crop,"Quần jogger Nike Air Pro Cam thiết kế hiện đại, chất liệu bền nhẹ, phù hợp tập luyện và thi đấu hằng ngày.",TRUE,2026-05-31
200,Giày tập gym Nike Rapid Force Trắng,Giay,Nike,"3,800,000",79,https://images.unsplash.com/photo-1560769629-975ec94e6a86?q=80&w=1200&auto=format&fit=crop,"Giày tập gym Nike Rapid Force Trắng thiết kế hiện đại, chất liệu bền nhẹ, phù hợp tập luyện và thi đấu hằng ngày.",FALSE,2026-05-31
